id	station	date_time	latitude	longitude	layer	layer_description	depth	biome	region	region_province	salinity	no2	po4	no2no3	chloro	temp	oxygen	flux	npp
S4DCM	TARA_004	2009-09-15T18:00	36.5533	-6.5669	[DCM] deep chlorophyll maximum layer (ENVO:01000326)	 targeting a discrete depth within the photic zone (ENVO:00000209), <10 m from a strong peak in chlorophyll fluorescence, within <50 m from the sea floor (ENVO:00000482)	40	Westerlies Biome	[NaNO] North Atlantic Ocean (MRGID:1912)	[NaNST-E] North Atlantic Subtropical Gyral Province (MRGID:21467)	36.556443	NA	NA	NA	0.880307	16.246331	NA	NA	NA
S4SUR	TARA_004	2009-09-15T11:30	36.5533	-6.5669	[SRF] surface water layer (ENVO:00010504)	 targeting a discrete depth at the top of the photic zone (ENVO:00000209), within <50 m from the sea floor (ENVO:00000482)	5	Westerlies Biome	[NaNO] North Atlantic Ocean (MRGID:1912)	[NaNST-E] North Atlantic Subtropical Gyral Province (MRGID:21467)	36.6324	NA	NA	NA	0.078	20.5251	NA	NA	686.086
S7DCM	TARA_007	2009-09-23T18:11	37.018	1.9476	[DCM] deep chlorophyll maximum layer (ENVO:01000326)	 targeting a discrete depth within the photic zone (ENVO:00000209), <10 m from a strong peak in chlorophyll fluorescence, <50 m below a marine epipelagic wind mixed layer (ENVO:01000061)	42	Westerlies Biome	[MS] Mediterranean Sea (MRGID:1905)	[MEDI] Mediterranean Sea, Black Sea Province (MRGID:21465)	NA	0	0.01	0.03	0.553274	17.36746	NA	NA	354.2245
S7SUR	TARA_007	2009-09-23T17:09:45	37.033	1.9475	[SRF] surface water layer (ENVO:00010504)	 targeting a discrete depth at the top of the photic zone (ENVO:00000209), <50 m from a strong peak in chlorophyll fluorescence	5	Westerlies Biome	[MS] Mediterranean Sea (MRGID:1905)	[MEDI] Mediterranean Sea, Black Sea Province (MRGID:21465)	37.4911	0	0.06	0.03	0.0812	23.82575	NA	NA	354.2245
S9DCM	TARA_009	2009-09-28T16:59	39.0609	5.9422	[DCM] deep chlorophyll maximum layer (ENVO:01000326)	 targeting a discrete depth within the photic zone (ENVO:00000209)	55	Westerlies Biome	[MS] Mediterranean Sea (MRGID:1905)	[MEDI] Mediterranean Sea, Black Sea Province (MRGID:21465)	37.8232	0.02	0.02	0.08	0.434367	16.151933	NA	NA	205.122
S9SUR	TARA_009	2009-09-28T12:18	39.1633	5.916	[SRF] surface water layer (ENVO:00010504)	 targeting a discrete depth at the top of the photic zone (ENVO:00000209)	5	Westerlies Biome	[MS] Mediterranean Sea (MRGID:1905)	[MEDI] Mediterranean Sea, Black Sea Province (MRGID:21465)	37.8053	0.01	0.02	0.03	-0.00745	24.50375	NA	NA	205.122
S18DCM	TARA_018	2009-11-02T14:07	35.7528	14.2765	[DCM] deep chlorophyll maximum layer (ENVO:01000326)	 targeting a discrete depth within the photic zone (ENVO:00000209), <50 m from a strong peak in chlorophyll fluorescence, at the base of a marine epipelagic wind mixed layer (ENVO:01000061)	60	Westerlies Biome	[MS] Mediterranean Sea (MRGID:1905)	[MEDI] Mediterranean Sea, Black Sea Province (MRGID:21465)	37.89241	0.025	0.013	0.02	0.132494	18.36839	237.8893	NA	331.789
S18SUR	TARA_018	2009-11-02T12:43:06	35.7606	14.2522	[SRF] surface water layer (ENVO:00010504)	 targeting a discrete depth at the top of the photic zone (ENVO:00000209)	5	Westerlies Biome	[MS] Mediterranean Sea (MRGID:1905)	[MEDI] Mediterranean Sea, Black Sea Province (MRGID:21465)	37.89245	0.018	0.026	0.12	0.048898	21.4395	207.791417	NA	331.789
S23DCM	TARA_023	2009-11-18T13:50	42.1735	17.7252	[DCM] deep chlorophyll maximum layer (ENVO:01000326)	 targeting a discrete depth within the aphotic zone (ENVO:00000210), <50 m below the photic zone (ENVO:00000209), <10 m from a strong peak in chlorophyll fluorescence	55	Westerlies Biome	[MS] Mediterranean Sea (MRGID:1905)	[MEDI] Mediterranean Sea, Black Sea Province (MRGID:21465)	38.395417	0.01	0.01	0.05	0.236208	15.705783	224.266917	1.897733	478.135
S23SUR	TARA_023	2009-11-18T08:41	42.2038	17.715	[SRF] surface water layer (ENVO:00010504)	 targeting a discrete depth at the top of the photic zone (ENVO:00000209)	5	Westerlies Biome	[MS] Mediterranean Sea (MRGID:1905)	[MEDI] Mediterranean Sea, Black Sea Province (MRGID:21465)	38.187633	0.01	0.01	0.04	0.172965	17.636575	220.000333	2.376476	478.135
S25DCM	TARA_025	2009-11-23T13:52	39.3991	19.3997	[DCM] deep chlorophyll maximum layer (ENVO:01000326)	 targeting a discrete depth within the aphotic zone (ENVO:00000210), <10 m below the photic zone (ENVO:00000209), <50 m below a marine epipelagic wind mixed layer (ENVO:01000061)	50	Westerlies Biome	[MS] Mediterranean Sea (MRGID:1905)	[MEDI] Mediterranean Sea, Black Sea Province (MRGID:21465)	38.475705	0.07	0.07	0.15	0.201016	15.161277	229.547682	0.190245	481.038
S25SUR	TARA_025	2009-11-23T12:40:47	39.4085	19.3807	[SRF] surface water layer (ENVO:00010504)	 targeting a discrete depth at the top of the photic zone (ENVO:00000209)	5	Westerlies Biome	[MS] Mediterranean Sea (MRGID:1905)	[MEDI] Mediterranean Sea, Black Sea Province (MRGID:21465)	38.182917	0	0.01	0.03	0.121845	18.342533	218.016833	0.073285	481.038
S30DCM	TARA_030	2009-12-15T15:23:37	33.9235	32.8118	[DCM] deep chlorophyll maximum layer (ENVO:01000326)	 targeting a discrete depth within the aphotic zone (ENVO:00000210), <10 m below the photic zone (ENVO:00000209), <50 m below a marine epipelagic wind mixed layer (ENVO:01000061)	70	Westerlies Biome	[MS] Mediterranean Sea (MRGID:1905)	[MEDI] Mediterranean Sea, Black Sea Province (MRGID:21465)	39.255952	0.01	0	0.02	0.141478	18.979535	218.132538	0.014051	269.659
S30SUR	TARA_030	2009-12-15T13:36:08	33.9202	32.8261	[SRF] surface water layer (ENVO:00010504)	 targeting a discrete depth at the top of the photic zone (ENVO:00000209)	5	Westerlies Biome	[MS] Mediterranean Sea (MRGID:1905)	[MEDI] Mediterranean Sea, Black Sea Province (MRGID:21465)	39.425058	0	0	0.05	0.044622	20.45375	207.567167	0.215913	255.266
S31SUR	TARA_031	2010-01-09T10:02:22	27.145	34.8067	[SRF] surface water layer (ENVO:00010504)	 targeting a discrete depth at the top of the photic zone (ENVO:00000209)	5	Coastal Biome 	[RS] Red Sea (MRGID:4264)	[REDS] Red Sea, Persian Gulf Province (MRGID:21474)	39.981867	0.014	0.024	0.03	0.048898	25.0621	188.763583	0.381563	343.667
S32DCM	TARA_032	2010-01-11T14:17	23.4183	37.245	[DCM] deep chlorophyll maximum layer (ENVO:01000326)	 targeting a discrete depth within the aphotic zone (ENVO:00000210), <10 m below the photic zone (ENVO:00000209), <10 m from a strong peak in chlorophyll fluorescence, within a marine epipelagic wind mixed layer (ENVO:01000061)	80	Coastal Biome 	[RS] Red Sea (MRGID:4264)	[REDS] Red Sea, Persian Gulf Province (MRGID:21474)	40.196433	0.01	0.025	0.01	0.224444	26.050367	179.968	0.256995	292.941
S32SUR	TARA_032	2010-01-11T09:40:58	23.3867	37.2133	[SRF] surface water layer (ENVO:00010504)	 targeting a discrete depth at the top of the photic zone (ENVO:00000209)	5	Coastal Biome 	[RS] Red Sea (MRGID:4264)	[REDS] Red Sea, Persian Gulf Province (MRGID:21474)	39.74725	0.014	0.018	0	0	25.824383	188.416583	0.112685	278.695
S33SUR	TARA_033	2010-01-13T10:54:15	22.1233	38.1983	[SRF] surface water layer (ENVO:00010504)	 targeting a discrete depth at the top of the photic zone (ENVO:00000209)	5	Coastal Biome 	[RS] Red Sea (MRGID:4264)	[REDS] Red Sea, Persian Gulf Province (MRGID:21474)	38.937417	0	0.053	0	0.163228	27.329517	182.812167	NA	311.151
S34DCM	TARA_034	2010-01-20T11:50	18.4417	39.8567	[DCM] deep chlorophyll maximum layer (ENVO:01000326)	 targeting a discrete depth within the aphotic zone (ENVO:00000210), <10 m below the photic zone (ENVO:00000209), within a marine epipelagic wind mixed layer (ENVO:01000061)	60	Coastal Biome 	[RS] Red Sea (MRGID:4264)	[REDS] Red Sea, Persian Gulf Province (MRGID:21474)	38.916583	0.27	0.09	0.64	0.181406	27.589917	175.384083	1.032333	471.643
S34SUR	TARA_034	2010-01-20T07:44:50	18.3983	39.8617	[SRF] surface water layer (ENVO:00010504)	 targeting a discrete depth at the top of the photic zone (ENVO:00000209)	5	Coastal Biome 	[RS] Red Sea (MRGID:4264)	[REDS] Red Sea, Persian Gulf Province (MRGID:21474)	38.646858	0.02	0.19	0.03	0.186697	27.59865	184.061167	0.956369	471.643
S36DCM	TARA_036	2010-03-12T12:23	20.8222	63.5133	[DCM] deep chlorophyll maximum layer (ENVO:01000326)	 targeting a discrete depth within the photic zone (ENVO:00000209), at the base of a marine epipelagic wind mixed layer (ENVO:01000061)	17	Coastal Biome 	[IO] Indian Ocean (MRGID:1904)	[ARAB] Northwest Arabian Sea Upwelling Province (MRGID:21475)	36.549267	0.51	0.51	2.08	0.353707	25.37395	211.606583	10.505774	1428.93
S36SUR	TARA_036	2010-03-12T06:19:43	20.8183	63.5046	[SRF] surface water layer (ENVO:00010504)	 targeting a discrete depth at the top of the photic zone (ENVO:00000209)	5	Coastal Biome 	[IO] Indian Ocean (MRGID:1904)	[ARAB] Northwest Arabian Sea Upwelling Province (MRGID:21475)	36.530058	0.05	0.37	0.13	0.129697	25.581433	210.8972	12.549114	1428.93
S38DCM	TARA_038	2010-03-15T11:18	19.0284	64.5126	[DCM] deep chlorophyll maximum layer (ENVO:01000326)	 targeting a discrete depth within the photic zone (ENVO:00000209), within a marine epipelagic wind mixed layer (ENVO:01000061)	25	Trades Biome	[IO] Indian Ocean (MRGID:1904)	[MONS] Indian Monsoon Gyres Province (MRGID:21471)	NA	0.7	0.42	1.86	0.604752	25.494408	154.699917	4.778773	882.657
S38SUR	TARA_038	2010-03-15T03:35	19.0393	64.4913	[SRF] surface water layer (ENVO:00010504)	 targeting a discrete depth at the top of the photic zone (ENVO:00000209), <50 m from a strong peak in chlorophyll fluorescence	5	Trades Biome	[IO] Indian Ocean (MRGID:1904)	[MONS] Indian Monsoon Gyres Province (MRGID:21471)	36.617917	0.01	0.32	0.06	0.161808	26.2314	199.9355	5.040222	917.2045
S39DCM	TARA_039	2010-03-18T11:33	18.5839	66.4727	[DCM] deep chlorophyll maximum layer (ENVO:01000326)	 targeting a discrete depth within the photic zone (ENVO:00000209), <50 m from a strong peak in chlorophyll fluorescence, at the base of a marine epipelagic wind mixed layer (ENVO:01000061)	25	Trades Biome	[IO] Indian Ocean (MRGID:1904)	[MONS] Indian Monsoon Gyres Province (MRGID:21471)	36.332317	0.02	0.26	0.09	0.17638	26.812225	192.95875	3.546735	543.1065
S41DCM	TARA_041	2010-03-30T10:56	14.5536	70.0128	[DCM] deep chlorophyll maximum layer (ENVO:01000326)	 targeting a discrete depth within the photic zone (ENVO:00000209), <10 m from a weak nutricline (ENVO:01000260), with a difference in nitrate concentrations of 5-10 micromoles per kilogramme between 10 m and the depth of the nutricline, <10 m from a strong peak in chlorophyll fluorescence, <50 m below a marine epipelagic wind mixed layer (ENVO:01000061)	60	Trades Biome	[IO] Indian Ocean (MRGID:1904)	[MONS] Indian Monsoon Gyres Province (MRGID:21471)	36.496162	0.07	0.34	0.49	0.47554	27.117663	148.328125	2.951673	347.4235
S41SUR	TARA_041	2010-03-30T02:56:41	14.5954	69.981	[SRF] surface water layer (ENVO:00010504)	 targeting a discrete depth at the top of the photic zone (ENVO:00000209)	5	Trades Biome	[IO] Indian Ocean (MRGID:1904)	[MONS] Indian Monsoon Gyres Province (MRGID:21471)	36.024883	0	0.14	0.09	0.020173	29.089367	187.42925	1.179423	347.4235
S42DCM	TARA_042	2010-04-04T09:50	5.9998	73.9067	[DCM] deep chlorophyll maximum layer (ENVO:01000326)	 targeting a discrete depth within the photic zone (ENVO:00000209), <10 m from a strong peak in chlorophyll fluorescence, <50 m below a marine epipelagic wind mixed layer (ENVO:01000061)	80	Trades Biome	[IO] Indian Ocean (MRGID:1904)	[MONS] Indian Monsoon Gyres Province (MRGID:21471)	35.103505	0.15	0.34	1.39	0.388348	27.723425	132.77885	0.199944	202.331
S42SUR	TARA_042	2010-04-04T03:13:07	6.0313	73.8941	[SRF] surface water layer (ENVO:00010504)	 targeting a discrete depth at the top of the photic zone (ENVO:00000209)	5	Trades Biome	[IO] Indian Ocean (MRGID:1904)	[MONS] Indian Monsoon Gyres Province (MRGID:21471)	34.56155	0	0.08	0.03	0.006724	29.980283	189.25475	0.386671	202.331
S45SUR	TARA_045	2010-04-13T03:21:32	0.0046	71.644	[SRF] surface water layer (ENVO:00010504)	 targeting a discrete depth at the top of the photic zone (ENVO:00000209), <50 m from a strong peak in chlorophyll fluorescence	5	Trades Biome	[IO] Indian Ocean (MRGID:1904)	[MONS] Indian Monsoon Gyres Province (MRGID:21471)	35.091133	0.02	1.94	28.64	0.026898	30.496383	185.243833	0.138631	225.877
S48SUR	TARA_048	2010-04-19T07:54:49	-9.3921	66.4236	[SRF] surface water layer (ENVO:00010504)	 targeting a discrete depth at the top of the photic zone (ENVO:00000209), <50 m from a strong peak in chlorophyll fluorescence	5	Trades Biome	[IO] Indian Ocean (MRGID:1904)	[ISSG] Indian South Subtropical Gyre Province (MRGID:21472)	34.1689	0.01	0.08	0.06	0	29.818233	187.2575	0.40247	159.033
S52DCM	TARA_052	2010-05-17T11:42	-16.9534	53.9601	[DCM] deep chlorophyll maximum layer (ENVO:01000326)	 targeting a discrete depth within the photic zone (ENVO:00000209), <50 m below a marine epipelagic wind mixed layer (ENVO:01000061)	75	Trades Biome	[IO] Indian Ocean (MRGID:1904)	[ISSG] Indian South Subtropical Gyre Province (MRGID:21472)	34.910755	0.03	0.18	0.47	0.394226	24.89426	192.55925	0.511743	122.80175
S52SUR	TARA_052	2010-05-17T03:56:48	-16.957	53.9852	[SRF] surface water layer (ENVO:00010504)	 targeting a discrete depth at the top of the photic zone (ENVO:00000209)	5	Trades Biome	[IO] Indian Ocean (MRGID:1904)	[ISSG] Indian South Subtropical Gyre Province (MRGID:21472)	34.566667	0	0.12	0	0.176565	27.8684	191.68	0.118947	122.80175
S56SUR	TARA_056	2010-06-26T07:05	-15.3424	43.2965	[SRF] surface water layer (ENVO:00010504)	 targeting a discrete depth at the top of the photic zone (ENVO:00000209)	5	Coastal Biome 	[IO] Indian Ocean (MRGID:1904)	[EAFR] Eastern Africa Coastal Province (MRGID:21473)	35.003133	NA	NA	NA	0.04282	27.323117	193.05775	0.180315	304.319
S57SUR	TARA_057	2010-06-27T12:05	-17.0248	42.7401	[SRF] surface water layer (ENVO:00010504)	 targeting a discrete depth at the top of the photic zone (ENVO:00000209)	5	Coastal Biome 	[IO] Indian Ocean (MRGID:1904)	[EAFR] Eastern Africa Coastal Province (MRGID:21473)	35.05375	0.02	0	0	0.085544	26.965433	190.05375	NA	308.9225
S58DCM	TARA_058	2010-06-29T15:00	-17.2855	42.2866	[DCM] deep chlorophyll maximum layer (ENVO:01000326)	 targeting a discrete depth within the aphotic zone (ENVO:00000210), <10 m below the photic zone (ENVO:00000209), <10 m from a strong peak in chlorophyll fluorescence, <50 m below a marine epipelagic wind mixed layer (ENVO:01000061)	66	Coastal Biome 	[IO] Indian Ocean (MRGID:1904)	[EAFR] Eastern Africa Coastal Province (MRGID:21473)	35.163345	0.03	0	0.06	0.332199	25.308318	185.01	NA	292.188
S62SUR	TARA_062	2010-07-03T08:09	-22.3368	40.3412	[SRF] surface water layer (ENVO:00010504)	 targeting a discrete depth at the top of the photic zone (ENVO:00000209)	5	Coastal Biome 	[IO] Indian Ocean (MRGID:1904)	[EAFR] Eastern Africa Coastal Province (MRGID:21473)	35.324825	NA	NA	NA	0.089746	25.080167	199.895917	NA	327.708
S64DCM	TARA_064	2010-07-08T06:21	-29.5333	37.9117	[DCM] deep chlorophyll maximum layer (ENVO:01000326)	 targeting a discrete depth within the aphotic zone (ENVO:00000210), <50 m below the photic zone (ENVO:00000209), <50 m from a strong peak in chlorophyll fluorescence, within a marine epipelagic wind mixed layer (ENVO:01000061)	65	Coastal Biome 	[IO] Indian Ocean (MRGID:1904)	[EAFR] Eastern Africa Coastal Province (MRGID:21473)	35.335545	0	0.08	0.02	0.214573	22.250309	207.446227	0.316843	492.7005
S64SUR	TARA_064	2010-07-07T04:48	-29.5019	37.9889	[SRF] surface water layer (ENVO:00010504)	 targeting a discrete depth at the top of the photic zone (ENVO:00000209)	5	Coastal Biome 	[IO] Indian Ocean (MRGID:1904)	[EAFR] Eastern Africa Coastal Province (MRGID:21473)	35.334717	0	0.08	0	0.162993	22.165567	210.00775	0.924125	489.85775
S65DCM	TARA_065	2010-07-12T11:03:22	-35.2421	26.3048	[DCM] deep chlorophyll maximum layer (ENVO:01000326)	 targeting a discrete depth within the photic zone (ENVO:00000209), within a marine epipelagic wind mixed layer (ENVO:01000061)	30	Coastal Biome 	[IO] Indian Ocean (MRGID:1904)	[EAFR] Eastern Africa Coastal Province (MRGID:21473)	NA	NA	NA	NA	0.272648	21.81495	206.43725	NA	502.044
S65SUR	TARA_065	2010-07-12T05:59	-35.1728	26.2868	[SRF] surface water layer (ENVO:00010504)	 targeting a discrete depth at the top of the photic zone (ENVO:00000209)	5	Coastal Biome 	[IO] Indian Ocean (MRGID:1904)	[EAFR] Eastern Africa Coastal Province (MRGID:21473)	35.44666	NA	NA	NA	0.215292	21.81684	207.0439	2.66565	502.044
S66DCM	TARA_066	2010-07-15T15:36:10	-34.8901	18.0459	[DCM] deep chlorophyll maximum layer (ENVO:01000326)	 targeting a discrete depth within the photic zone (ENVO:00000209), within a marine epipelagic wind mixed layer (ENVO:01000061)	30	Coastal Biome 	[SAO] South Atlantic Ocean (MRGID:1914)	[BENG] Benguela Current Coastal Province (MRGID:21470)	35.3315	0.26	0.37	3.23	0.424363	15.01895	240.4135	NA	561.024
S66SUR	TARA_066	2010-07-15T12:22	-34.9449	17.9189	[SRF] surface water layer (ENVO:00010504)	 targeting a discrete depth at the top of the photic zone (ENVO:00000209)	5	Coastal Biome 	[SAO] South Atlantic Ocean (MRGID:1914)	[BENG] Benguela Current Coastal Province (MRGID:21470)	35.323317	0.3	0.34	3.34	0.250054	15.033492	238.916333	0.443305	715.14
S67SUR	TARA_067	2010-09-07T06:35:16	-32.2315	17.7083	[SRF] surface water layer (ENVO:00010504)	 targeting a discrete depth at the top of the photic zone (ENVO:00000209), <50 m from a weak nutricline (ENVO:01000260), with a difference in nitrate concentrations of 5-10 micromoles per kilogramme between 10 m and the depth of the nutricline	5	Coastal Biome 	[SAO] South Atlantic Ocean (MRGID:1914)	[BENG] Benguela Current Coastal Province (MRGID:21470)	34.845292	0.171	1.016	7.091	1.551493	12.83445	249.351417	NA	6662.87
S68DCM	TARA_068	2010-09-14T13:30	-31.027	4.6802	[DCM] deep chlorophyll maximum layer (ENVO:01000326)	 targeting a discrete depth within the photic zone (ENVO:00000209), <10 m from a strong peak in chlorophyll fluorescence, within a marine epipelagic wind mixed layer (ENVO:01000061)	50	Trades Biome	[SAO] South Atlantic Ocean (MRGID:1914)	[SATL] South Atlantic Gyral Province (MRGID:21459)	35.687803	0.285	0.227	1.08	0.42458	16.787411	231.683361	0.224841	498.0465
S68SUR	TARA_068	2010-09-14T06:55	-31.0266	4.665	[SRF] surface water layer (ENVO:00010504)	 targeting a discrete depth at the top of the photic zone (ENVO:00000209), <50 m from a strong peak in chlorophyll fluorescence	5	Trades Biome	[SAO] South Atlantic Ocean (MRGID:1914)	[SATL] South Atlantic Gyral Province (MRGID:21459)	35.68685	0.25	0.229	1.303	0.201517	16.832058	231.914833	0.224841	498.0465
S70SUR	TARA_070	2010-09-21T06:55	-20.4091	-3.1759	[SRF] surface water layer (ENVO:00010504)	 targeting a discrete depth at the top of the photic zone (ENVO:00000209)	5	Trades Biome	[SAO] South Atlantic Ocean (MRGID:1914)	[SATL] South Atlantic Gyral Province (MRGID:21459)	36.376225	0.054	0.364	0.986	0.324315	19.776808	215.650833	2.095185	440.215
S72DCM	TARA_072	2010-10-05T15:35	-8.7296	-17.9604	[DCM] deep chlorophyll maximum layer (ENVO:01000326)	 targeting a discrete depth within the aphotic zone (ENVO:00000210), <50 m below the photic zone (ENVO:00000209), <50 m from a strong nutricline (ENVO:01000260), with a difference in nitrate concentrations of >10 micromoles per kilogramme between 10 m and the depth of the nutricline, coinciding with a strong peak in chlorophyll fluorescence, <50 m below a marine epipelagic wind mixed layer (ENVO:01000061)	100	Trades Biome	[SAO] South Atlantic Ocean (MRGID:1914)	[SATL] South Atlantic Gyral Province (MRGID:21459)	36.603343	0.011	0.143	0.044	0.263939	24.112672	194.428431	0.762716	441.915
S72SUR	TARA_072	2010-10-05T08:00	-8.7789	-17.9099	[SRF] surface water layer (ENVO:00010504)	 targeting a discrete depth at the top of the photic zone (ENVO:00000209)	5	Trades Biome	[SAO] South Atlantic Ocean (MRGID:1914)	[SATL] South Atlantic Gyral Province (MRGID:21459)	36.42324	0.003	0.104	0.018	0.050608	25.02619	199.1195	0.155992	380.699
S76DCM	TARA_076	2010-10-16T16:58:37	-21.0292	-35.3498	[DCM] deep chlorophyll maximum layer (ENVO:01000326)	 targeting a discrete depth within the aphotic zone (ENVO:00000210), <10 m below the photic zone (ENVO:00000209), <50 m from a strong peak in chlorophyll fluorescence	150	Trades Biome	[SAO] South Atlantic Ocean (MRGID:1914)	[SATL] South Atlantic Gyral Province (MRGID:21459)	36.724683	0.015	0.038	0	0.150865	21.643283	203.814833	0.160006	262.556
S76SUR	TARA_076	2010-10-16T09:55	-20.9354	-35.1803	[SRF] surface water layer (ENVO:00010504)	 targeting a discrete depth at the top of the photic zone (ENVO:00000209)	5	Trades Biome	[SAO] South Atlantic Ocean (MRGID:1914)	[SATL] South Atlantic Gyral Province (MRGID:21459)	37.101367	0.001	0.056	0	0.033622	23.349542	206.194333	0.043286	237.378
S78DCM	TARA_078	2010-11-04T18:16:53	-30.1484	-43.2705	[DCM] deep chlorophyll maximum layer (ENVO:01000326)	 targeting a discrete depth within the aphotic zone (ENVO:00000210), <50 m below the photic zone (ENVO:00000209), <50 m below a marine epipelagic wind mixed layer (ENVO:01000061)	120	Trades Biome	[SAO] South Atlantic Ocean (MRGID:1914)	[SATL] South Atlantic Gyral Province (MRGID:21459)	36.27495	0.053	0	0.104	0.226052	19.30925	217.140667	0.070387	422.487
S78SUR	TARA_078	2010-11-04T10:24	-30.1367	-43.2899	[SRF] surface water layer (ENVO:00010504)	 targeting a discrete depth at the top of the photic zone (ENVO:00000209)	5	Trades Biome	[SAO] South Atlantic Ocean (MRGID:1914)	[SATL] South Atlantic Gyral Province (MRGID:21459)	36.32425	0	0	0.017	0.053173	19.854083	221.47475	0.050285	422.487
S93DCM	TARA_093	2011-03-12T19:36:38	-33.9116	-73.0537	[DCM] deep chlorophyll maximum layer (ENVO:01000326)	 targeting a discrete depth within the aphotic zone (ENVO:00000210), <10 m below the photic zone (ENVO:00000209), <50 m from a strong nutricline (ENVO:01000260), with a difference in nitrate concentrations of >10 micromoles per kilogramme between 10 m and the depth of the nutricline, <10 m from a strong peak in chlorophyll fluorescence, <50 m below a marine epipelagic wind mixed layer (ENVO:01000061)	35	Coastal Biome 	[SPO] South Pacific Ocean (MRGID:1910)	[CHIL] Chile-Peru Current Coastal Province (MRGID:21495)	34.267975	0.37	1.07	7.55	1.104727	16.40115	237.215	NA	1463.06
S93SUR	TARA_093	2011-03-12T11:34	-34.0614	-73.1066	[SRF] surface water layer (ENVO:00010504)	 targeting a discrete depth at the top of the photic zone (ENVO:00000209), <50 m from a strong nutricline (ENVO:01000260), with a difference in nitrate concentrations of >10 micromoles per kilogramme between 10 m and the depth of the nutricline	5	Coastal Biome 	[SPO] South Pacific Ocean (MRGID:1910)	[CHIL] Chile-Peru Current Coastal Province (MRGID:21495)	34.295417	0.01	0.52	0.02	0.387495	18.014508	244.861667	9.46218	1326.935
S94SUR	TARA_094	2011-03-18T12:09:44	-32.7943	-87.0733	[SRF] surface water layer (ENVO:00010504)	 targeting a discrete depth at the top of the photic zone (ENVO:00000209)	5	Trades Biome	[SPO] South Pacific Ocean (MRGID:1910)	[SPSG] South Pacific Subtropical Gyre Province, North and South (MRGID:21486)	34.682604	0	0.28	0.03	0.147822	21.131962	219.174917	2.600798	403.725
S96SUR	TARA_096	2011-03-24T13:00	-29.7238	-101.1604	[SRF] surface water layer (ENVO:00010504)	 targeting a discrete depth at the top of the photic zone (ENVO:00000209)	5	Trades Biome	[SPO] South Pacific Ocean (MRGID:1910)	[SPSG] South Pacific Subtropical Gyre Province, North and South (MRGID:21486)	35.766117	0	0.16	0.02	0.044093	23.799133	204.13825	0.119752	78.7293
S98DCM	TARA_098	2011-04-03T21:50:58	-25.826	-111.7294	[DCM] deep chlorophyll maximum layer (ENVO:01000326)	 targeting a discrete depth just above the mesopelagic zone (ENVO:00000213) at the base of the photic zone (ENVO:00000209), coinciding with a strong peak in chlorophyll fluorescence	188	Trades Biome	[SPO] South Pacific Ocean (MRGID:1910)	[SPSG] South Pacific Subtropical Gyre Province, North and South (MRGID:21486)	35.845669	0.02	0.1	0.05	0.176523	20.171605	210.5781	0.182518	68.8496
S98SUR	TARA_098	2011-04-03T13:44	-25.8051	-111.7202	[SRF] surface water layer (ENVO:00010504)	 targeting a discrete depth at the top of the photic zone (ENVO:00000209)	5	Trades Biome	[SPO] South Pacific Ocean (MRGID:1910)	[SPSG] South Pacific Subtropical Gyre Province, North and South (MRGID:21486)	36.402683	0	0.2	0.05	0.013449	25.14875	200.538167	0.168784	63.5567
S99SUR	TARA_099	2011-04-09T13:56	-21.146	-104.787	[SRF] surface water layer (ENVO:00010504)	 targeting a discrete depth at the top of the photic zone (ENVO:00000209)	5	Trades Biome	[SPO] South Pacific Ocean (MRGID:1910)	[SPSG] South Pacific Subtropical Gyre Province, North and South (MRGID:21486)	36.129117	0	0.29	0.04	0.037733	23.788833	203.995417	0.116041	145.99
S100DCM	TARA_100	2011-04-15T19:38	-12.9723	-96.0122	[DCM] deep chlorophyll maximum layer (ENVO:01000326)	 targeting a discrete depth within the photic zone (ENVO:00000209), at the base of a marine epipelagic wind mixed layer (ENVO:01000061)	50	Trades Biome	[SPO] South Pacific Ocean (MRGID:1910)	[SPSG] South Pacific Subtropical Gyre Province, North and South (MRGID:21486)	35.544655	0.16	0.78	5.7	0.366887	20.649431	216.790338	2.396814	398.559
S100SUR	TARA_100	2011-04-15T12:45	-13.0023	-95.9759	[SRF] surface water layer (ENVO:00010504)	 targeting a discrete depth at the top of the photic zone (ENVO:00000209)	5	Trades Biome	[SPO] South Pacific Ocean (MRGID:1910)	[SPSG] South Pacific Subtropical Gyre Province, North and South (MRGID:21486)	35.835267	0.14	0.68	6.2	0.287892	25.2512	200.233917	2.396814	398.559
S102DCM	TARA_102	2011-04-22T21:13	-5.2669	-85.2732	[DCM] deep chlorophyll maximum layer (ENVO:01000326)	 targeting a discrete depth within the photic zone (ENVO:00000209), <10 m from a weak nutricline (ENVO:01000260), with a difference in nitrate concentrations of 5-10 micromoles per kilogramme between 10 m and the depth of the nutricline, at the base of a marine epipelagic wind mixed layer (ENVO:01000061)	40	Trades Biome	[SPO] South Pacific Ocean (MRGID:1910)	[PEOD] Pacific Equatorial Divergence Province (MRGID:21489)	34.900284	1.2	1.86	24.4	0.728939	19.566255	103.916711	3.035061	500.285
S102SUR	TARA_102	2011-04-21T20:07	-5.2529	-85.1545	[SRF] surface water layer (ENVO:00010504)	 targeting a discrete depth at the top of the photic zone (ENVO:00000209)	5	Trades Biome	[SPO] South Pacific Ocean (MRGID:1910)	[PEOD] Pacific Equatorial Divergence Province (MRGID:21489)	34.748175	0.32	1	12.6	0.238224	24.943108	205.992583	4.940279	500.285
S109DCM	TARA_109	2011-05-12T22:15	2.0299	-84.5546	[DCM] deep chlorophyll maximum layer (ENVO:01000326)	 targeting a discrete depth within the photic zone (ENVO:00000209), <50 m from a weak nutricline (ENVO:01000260), with a difference in nitrate concentrations of 5-10 micromoles per kilogramme between 10 m and the depth of the nutricline, <50 m below a marine epipelagic wind mixed layer (ENVO:01000061)	30	Coastal Biome 	[NPO] North Pacific Ocean (MRGID:1908)	[CHIL] Chile-Peru Current Coastal Province (MRGID:21495)	34.344808	0.11	0.5	4.6	0.737378	26.532035	203.127654	0.899006	379.9205
S109SUR	TARA_109	2011-05-12T14:00	1.9928	-84.5766	[SRF] surface water layer (ENVO:00010504)	 targeting a discrete depth at the top of the photic zone (ENVO:00000209)	5	Coastal Biome 	[NPO] North Pacific Ocean (MRGID:1908)	[CHIL] Chile-Peru Current Coastal Province (MRGID:21495)	33.3676	0.04	0.27	0.9	0.28167	27.617558	198.635833	1.930433	359.8325
S110DCM	TARA_110	2011-05-21T21:00	-1.9002	-84.6265	[DCM] deep chlorophyll maximum layer (ENVO:01000326)	 targeting a discrete depth within the aphotic zone (ENVO:00000210), <10 m below the photic zone (ENVO:00000209), <50 m from a weak nutricline (ENVO:01000260), with a difference in nitrate concentrations of 5-10 micromoles per kilogramme between 10 m and the depth of the nutricline, <50 m below a marine epipelagic wind mixed layer (ENVO:01000061)	50	Trades Biome	[SPO] South Pacific Ocean (MRGID:1910)	[SPSG] South Pacific Subtropical Gyre Province, North and South (MRGID:21486)	35.066093	0.41	0.93	10.7	0.460366	21.814577	144.633667	4.476136	439.734
S110SUR	TARA_110	2011-05-21T12:27	-2.0133	-84.589	[SRF] surface water layer (ENVO:00010504)	 targeting a discrete depth at the top of the photic zone (ENVO:00000209)	5	Trades Biome	[SPO] South Pacific Ocean (MRGID:1910)	[SPSG] South Pacific Subtropical Gyre Province, North and South (MRGID:21486)	35.0193	0.31	0.75	8.2	0.317793	23.8683	190.816333	4.448197	381.2175
S111DCM	TARA_111	2011-05-31T20:28:10	-16.9587	-100.6751	[DCM] deep chlorophyll maximum layer (ENVO:01000326)	 targeting a discrete depth within the aphotic zone (ENVO:00000210), <50 m below the photic zone (ENVO:00000209), <50 m below a marine epipelagic wind mixed layer (ENVO:01000061)	90	Trades Biome	[SPO] South Pacific Ocean (MRGID:1910)	[SPSG] South Pacific Subtropical Gyre Province, North and South (MRGID:21486)	35.687249	0.2	0.44	0.93	0.378549	19.881449	211.54555	1.351496	386.712
S111SUR	TARA_111	2011-05-31T14:25	-16.9601	-100.6335	[SRF] surface water layer (ENVO:00010504)	 targeting a discrete depth at the top of the photic zone (ENVO:00000209)	5	Trades Biome	[SPO] South Pacific Ocean (MRGID:1910)	[SPSG] South Pacific Subtropical Gyre Province, North and South (MRGID:21486)	35.97144	0.04	0.5	2.68	0.203347	22.76873	208.8654	1.461396	396.755
S112DCM	TARA_112	2011-06-15T00:55:48	-23.2189	-129.4997	[DCM] deep chlorophyll maximum layer (ENVO:01000326)	 targeting a discrete depth within the aphotic zone (ENVO:00000210), <50 m below the photic zone (ENVO:00000209), <10 m from a strong peak in chlorophyll fluorescence, <50 m below a marine epipelagic wind mixed layer (ENVO:01000061)	155	Trades Biome	[SPO] South Pacific Ocean (MRGID:1910)	[SPSG] South Pacific Subtropical Gyre Province, North and South (MRGID:21486)	35.939945	0	0.11	0.02	0.222552	22.261435	207.089325	NA	109.912
S112SUR	TARA_112	2011-06-14T16:45	-23.2811	-129.3947	[SRF] surface water layer (ENVO:00010504)	 targeting a discrete depth at the top of the photic zone (ENVO:00000209)	5	Trades Biome	[SPO] South Pacific Ocean (MRGID:1910)	[SPSG] South Pacific Subtropical Gyre Province, North and South (MRGID:21486)	36.453917	0.01	0.14	0.03	0.04895	24.237467	202.174583	NA	101.305
S122DCM	TARA_122	2011-07-28T17:15:56	-9.0063	-139.1394	[DCM] deep chlorophyll maximum layer (ENVO:01000326)	 targeting a discrete depth within the aphotic zone (ENVO:00000210), <50 m below the photic zone (ENVO:00000209), <50 m below a marine epipelagic wind mixed layer (ENVO:01000061)	115	Trades Biome	[SPO] South Pacific Ocean (MRGID:1910)	[SPSG] South Pacific Subtropical Gyre Province, North and South (MRGID:21486)	36.097575	0.1	0.59	2.8	0.295808	24.69625	179.916875	1.869448	299.104
S122SUR	TARA_122	2011-07-26T17:10	-8.9971	-139.1963	[SRF] surface water layer (ENVO:00010504)	 targeting a discrete depth at the top of the photic zone (ENVO:00000209)	5	Trades Biome	[SPO] South Pacific Ocean (MRGID:1910)	[SPSG] South Pacific Subtropical Gyre Province, North and South (MRGID:21486)	35.3662	0.12	0.57	5.46	0.166512	26.54413	186.2407	1.047198	299.104
S123DCM	TARA_123	2011-08-01T21:48	-8.903	-140.2801	[MIX] marine epipelagic wind mixed layer (ENVO:01000061)	 targeting a discrete depth within the aphotic zone (ENVO:00000210), <50 m below a marine epipelagic wind mixed layer (ENVO:01000061)	150	Trades Biome	[SPO] South Pacific Ocean (MRGID:1910)	[SPSG] South Pacific Subtropical Gyre Province, North and South (MRGID:21486)	35.88072	1.47	0.66	5.43	0.051638	22.1151	161.3185	6.030596	509.213
S123SUR	TARA_123	2011-07-31T17:20	-8.9068	-140.283	[SRF] surface water layer (ENVO:00010504)	 targeting a discrete depth at the top of the photic zone (ENVO:00000209), <10 m from a strong peak in chlorophyll fluorescence	5	Trades Biome	[SPO] South Pacific Ocean (MRGID:1910)	[SPSG] South Pacific Subtropical Gyre Province, North and South (MRGID:21486)	35.359483	0.14	0.53	4.9	0.319103	26.576175	189.758333	4.664781	405.405
S124DCM	TARA_124	2011-08-05T00:43:20	-9.1501	-140.4892	[MIX] marine epipelagic wind mixed layer (ENVO:01000061)	 targeting a discrete depth within the photic zone (ENVO:00000209), within a marine epipelagic wind mixed layer (ENVO:01000061)	40	Trades Biome	[SPO] South Pacific Ocean (MRGID:1910)	[SPSG] South Pacific Subtropical Gyre Province, North and South (MRGID:21486)	35.797875	0.35	0.49	1.21	0.127609	25.221787	175.895625	0.942604	568.237
S124SUR	TARA_124	2011-08-04T18:33	-9.1504	-140.5216	[SRF] surface water layer (ENVO:00010504)	 targeting a discrete depth at the top of the photic zone (ENVO:00000209)	5	Trades Biome	[SPO] South Pacific Ocean (MRGID:1910)	[SPSG] South Pacific Subtropical Gyre Province, North and South (MRGID:21486)	35.396729	0.16	0.63	6.18	0.286662	26.518986	190.724	0.900291	568.237
S125DCM	TARA_125	2011-08-09T17:05:33	-8.8999	-142.5461	[MIX] marine epipelagic wind mixed layer (ENVO:01000061)	 targeting a discrete depth within the aphotic zone (ENVO:00000210)	140	Trades Biome	[SPO] South Pacific Ocean (MRGID:1910)	[SPSG] South Pacific Subtropical Gyre Province, North and South (MRGID:21486)	36.272675	0.06	0.56	3.15	0.020173	23.706525	160.4895	0.897084	424.306
S125SUR	TARA_125	2011-08-08T17:33	-8.9111	-142.5571	[SRF] surface water layer (ENVO:00010504)	 targeting a discrete depth at the top of the photic zone (ENVO:00000209)	5	Trades Biome	[SPO] South Pacific Ocean (MRGID:1910)	[SPSG] South Pacific Subtropical Gyre Province, North and South (MRGID:21486)	35.427733	0.19	0.56	3.73	0.233673	26.780158	187.302833	0.739536	424.306
S128DCM	TARA_128	2011-09-05T18:40	0.0222	-153.6858	[DCM] deep chlorophyll maximum layer (ENVO:01000326)	 targeting a discrete depth within the photic zone (ENVO:00000209), within a marine epipelagic wind mixed layer (ENVO:01000061)	40	Trades Biome	[SPO] South Pacific Ocean (MRGID:1910)	[PEOD] Pacific Equatorial Divergence Province (MRGID:21489)	35.135422	0.28	0.55	5.26	0.451256	26.080233	176.984778	1.807048	430.8805
S128SUR	TARA_128	2011-09-04T18:00	0.0003	-153.6759	[SRF] surface water layer (ENVO:00010504)	 targeting a discrete depth at the top of the photic zone (ENVO:00000209)	5	Trades Biome	[SPO] South Pacific Ocean (MRGID:1910)	[PEOD] Pacific Equatorial Divergence Province (MRGID:21489)	35.100467	0.27	0.54	5.08	0.288205	26.074467	179.86	1.400456	430.8805
S132DCM	TARA_132	2011-10-05T00:59:03	31.5168	-159.046	[DCM] deep chlorophyll maximum layer (ENVO:01000326)	 targeting a discrete depth within the aphotic zone (ENVO:00000210), <50 m below the photic zone (ENVO:00000209), <10 m from a strong peak in chlorophyll fluorescence	115	Westerlies Biome	[NPO] North Pacific Ocean (MRGID:1908)	[NPST] North Pacific Subtropical and Polar Front Provinces (MRGID:21484)	34.36909	0.02	0.13	0.05	0.276677	15.284298	225.501338	NA	241.487
S132SUR	TARA_132	2011-10-04T17:46	31.5213	-158.9958	[SRF] surface water layer (ENVO:00010504)	 targeting a discrete depth at the top of the photic zone (ENVO:00000209)	5	Westerlies Biome	[NPO] North Pacific Ocean (MRGID:1908)	[NPST] North Pacific Subtropical and Polar Front Provinces (MRGID:21484)	35.181842	0	0.01	0.01	0.057131	25.173925	197.682417	0.159197	252.207
S133DCM	TARA_133	2011-10-19T00:09	35.4002	-127.7499	[DCM] deep chlorophyll maximum layer (ENVO:01000326)	 targeting a discrete depth within the photic zone (ENVO:00000209), <50 m from a strong nutricline (ENVO:01000260), with a difference in nitrate concentrations of >10 micromoles per kilogramme between 10 m and the depth of the nutricline, <50 m from a strong peak in chlorophyll fluorescence	45	Westerlies Biome	[NPO] North Pacific Ocean (MRGID:1908)	[NPST] North Pacific Subtropical and Polar Front Provinces (MRGID:21484)	33.241367	0.08	0.46	1.3	0.436597	13.159842	227.686042	2.487635	662.276
S133SUR	TARA_133	2011-10-18T15:35	35.3671	-127.7422	[SRF] surface water layer (ENVO:00010504)	 targeting a discrete depth at the top of the photic zone (ENVO:00000209), <50 m from a strong peak in chlorophyll fluorescence	5	Westerlies Biome	[NPO] North Pacific Ocean (MRGID:1908)	[NPST] North Pacific Subtropical and Polar Front Provinces (MRGID:21484)	33.099008	0	0.29	0.02	0.038221	19.249733	224.407583	4.525933	662.276
S137DCM	TARA_137	2011-12-02T20:42	14.2075	-116.6468	[DCM] deep chlorophyll maximum layer (ENVO:01000326)	 targeting a discrete depth within the photic zone (ENVO:00000209), <50 m below a marine epipelagic wind mixed layer (ENVO:01000061)	40	Trades Biome	[NPO] North Pacific Ocean (MRGID:1908)	[PNEC] North Pacific Equatorial Countercurrent Province (MRGID:21488)	34.372667	0.31	0.88	6.05	0.62525	18.594842	95.411833	0.107489	455.515
S137SUR	TARA_137	2011-12-02T14:12	14.2035	-116.6261	[SRF] surface water layer (ENVO:00010504)	 targeting a discrete depth at the top of the photic zone (ENVO:00000209)	5	Trades Biome	[NPO] North Pacific Ocean (MRGID:1908)	[PNEC] North Pacific Equatorial Countercurrent Province (MRGID:21488)	33.884425	0.07	0.46	2.44	0.290611	26.4091	195.126917	1.278263	457.785
S138DCM	TARA_138	2011-12-11T13:27:34	6.3378	-102.9538	[DCM] deep chlorophyll maximum layer (ENVO:01000326)	 targeting a discrete depth within the photic zone (ENVO:00000209), <10 m from a strong peak in chlorophyll fluorescence	60	Trades Biome	[NPO] North Pacific Ocean (MRGID:1908)	[PNEC] North Pacific Equatorial Countercurrent Province (MRGID:21488)	34.611755	0.83	1.11	12.9	0.334076	19.048358	77.038525	NA	234.6485
S138SUR	TARA_138	2011-12-10T14:08	6.3332	-102.9432	[SRF] surface water layer (ENVO:00010504)	 targeting a discrete depth at the top of the photic zone (ENVO:00000209)	5	Trades Biome	[NPO] North Pacific Ocean (MRGID:1908)	[PNEC] North Pacific Equatorial Countercurrent Province (MRGID:21488)	33.407042	0	0.16	0	0.013449	26.6362	196.88275	1.839439	234.775
S140SUR	TARA_140	2011-12-21T16:25:29	7.4117	-79.3026	[SRF] surface water layer (ENVO:00010504)	 targeting a discrete depth at the top of the photic zone (ENVO:00000209), <50 m from a strong nutricline (ENVO:01000260), with a difference in nitrate concentrations of >10 micromoles per kilogramme between 10 m and the depth of the nutricline	5	Coastal Biome 	[NPO] North Pacific Ocean (MRGID:1908)	[CAMR] Central American Coastal Province (MRGID:21494)	28.919008	0	0.08	0	0.040695	26.62925	205.2885	6.201284	346.295
S141SUR	TARA_141	2011-12-30T12:56:35	9.8491	-80.0384	[SRF] surface water layer (ENVO:00010504)	 targeting a discrete depth at the top of the photic zone (ENVO:00000209)	5	Coastal Biome 	[NaNO] North Atlantic Ocean (MRGID:1912)	[GUIA] Guianas Coastal Province (MRGID:21463)	34.347208	0	0.01	0	0.126428	27.119358	195.523833	18.283473	227.9515
S142DCM	TARA_142	2012-01-09T20:17:16	25.6168	-88.4532	[DCM] deep chlorophyll maximum layer (ENVO:01000326)	 targeting a discrete depth within the aphotic zone (ENVO:00000210), within a marine epipelagic wind mixed layer (ENVO:01000061)	125	Coastal Biome 	[NaNO] North Atlantic Ocean (MRGID:1912)	[CARB] Caribbean Province (MRGID:21466)	36.172194	0.02	0.02	0.06	0.164483	24.948842	192.971638	4.063066	323.202
S142SUR	TARA_142	2012-01-09T13:41	25.5264	-88.394	[SRF] surface water layer (ENVO:00010504)	 targeting a discrete depth at the top of the photic zone (ENVO:00000209)	5	Coastal Biome 	[NaNO] North Atlantic Ocean (MRGID:1912)	[CARB] Caribbean Province (MRGID:21466)	36.193733	0.02	0	0.05	0.163338	24.96555	194.2675	5.325081	320.2775
S145SUR	TARA_145	2012-02-02T11:52	39.2305	-70.0377	[SRF] surface water layer (ENVO:00010504)	 targeting a discrete depth at the top of the photic zone (ENVO:00000209), <50 m from a strong peak in chlorophyll fluorescence	5	Westerlies Biome	[NaNO] North Atlantic Ocean (MRGID:1912)	[GFST] Gulf Stream Province (MRGID:21454)	35.18335	0.11	0.35	4.38	0.296307	14.11885	233.859	0.977217	378.0515
S146SUR	TARA_146	2012-02-15T12:54	34.6712	-71.3093	[SRF] surface water layer (ENVO:00010504)	 targeting a discrete depth at the top of the photic zone (ENVO:00000209)	5	Westerlies Biome	[NaNO] North Atlantic Ocean (MRGID:1912)	[GFST] Gulf Stream Province (MRGID:21454)	36.4626	0.22	0.02	0.74	0.12799	19.1288	214.365	0.496762	391.969
S148SUR	TARA_148	2012-02-24T11:41:05	31.6962	-64.2472	[SRF] surface water layer (ENVO:00010504)	 targeting a discrete depth at the top of the photic zone (ENVO:00000209), <10 m from a strong peak in chlorophyll fluorescence	5	Westerlies Biome	[NaNO] North Atlantic Ocean (MRGID:1912)	[NaNST-W] North Atlantic Subtropical Gyral Province (MRGID:21455)	36.5996	0.09	0	0.15	0.166512	20.3973	212.5623	1.789729	382.043
S149SUR	TARA_149	2012-03-01T10:48	34.1132	-49.9181	[SRF] surface water layer (ENVO:00010504)	 targeting a discrete depth at the top of the photic zone (ENVO:00000209), <50 m from a strong peak in chlorophyll fluorescence	5	Westerlies Biome	[NaNO] North Atlantic Ocean (MRGID:1912)	[NaNST-W] North Atlantic Subtropical Gyral Province (MRGID:21455)	36.4072	0.25	0.06	0.68	0.214174	18.732683	220.189917	5.539553	601.62
S150DCM	TARA_150	2012-03-05T17:34	35.8427	-37.1526	[DCM] deep chlorophyll maximum layer (ENVO:01000326)	 targeting a discrete depth within the photic zone (ENVO:00000209), within a marine epipelagic wind mixed layer (ENVO:01000061)	40	Westerlies Biome	[NaNO] North Atlantic Ocean (MRGID:1912)	[NaNST-W] North Atlantic Subtropical Gyral Province (MRGID:21455)	36.240197	0.04	0	0.17	0.339591	17.663574	230.132971	0.201174	627.014
S150SUR	TARA_150	2012-03-05T09:25	35.9346	-37.3032	[SRF] surface water layer (ENVO:00010504)	 targeting a discrete depth at the top of the photic zone (ENVO:00000209)	5	Westerlies Biome	[NaNO] North Atlantic Ocean (MRGID:1912)	[NaNST-W] North Atlantic Subtropical Gyral Province (MRGID:21455)	36.3123	0.04	0.01	0.17	0.196921	17.583075	228.375583	0.412354	573.697
S151DCM	TARA_151	2012-03-09T17:42:29	36.1811	-28.9373	[DCM] deep chlorophyll maximum layer (ENVO:01000326)	 targeting a discrete depth within the aphotic zone (ENVO:00000210), <10 m below the photic zone (ENVO:00000209), <50 m from a weak nutricline (ENVO:01000260), with a difference in nitrate concentrations of 5-10 micromoles per kilogramme between 10 m and the depth of the nutricline, <10 m from a strong peak in chlorophyll fluorescence, <50 m below a marine epipelagic wind mixed layer (ENVO:01000061)	80	Westerlies Biome	[NaNO] North Atlantic Ocean (MRGID:1912)	[NaNST-E] North Atlantic Subtropical Gyral Province (MRGID:21467)	36.162887	0.01	0.01	0.05	0.247378	16.751066	228.54515	1.379385	466.322
S151SUR	TARA_151	2012-03-09T08:59	36.1715	-29.023	[SRF] surface water layer (ENVO:00010504)	 targeting a discrete depth at the top of the photic zone (ENVO:00000209)	5	Westerlies Biome	[NaNO] North Atlantic Ocean (MRGID:1912)	[NaNST-E] North Atlantic Subtropical Gyral Province (MRGID:21467)	36.23775	0.02	0.01	0.02	0.040347	17.260108	232.053333	4.591674	444.0935
S152DCM	TARA_152	2012-03-20T08:48:42	43.7056	-16.8794	[MIX] marine epipelagic wind mixed layer (ENVO:01000061)	 targeting a discrete depth within the photic zone (ENVO:00000209), within a marine epipelagic wind mixed layer (ENVO:01000061)	25	Westerlies Biome	[NaNO] North Atlantic Ocean (MRGID:1912)	[NaNST-E] North Atlantic Subtropical Gyral Province (MRGID:21467)	35.9897	0.32	0.17	2.26	0.26829	14.282106	240.84265	4.113166	442.736
S152SUR	TARA_152	2012-03-19T08:18	43.6792	-16.8344	[SRF] surface water layer (ENVO:00010504)	 targeting a discrete depth at the top of the photic zone (ENVO:00000209)	5	Westerlies Biome	[NaNO] North Atlantic Ocean (MRGID:1912)	[NaNST-E] North Atlantic Subtropical Gyral Province (MRGID:21467)	35.986042	0.31	0.16	2.16	0.238225	14.28065	243.148	1.522932	423.271
